"company","title","location","job_url","job_type","site","date_posted"
"Deutsche Rentenversicherung","Senior SIEM Engineer im Security Operations Center (SOC)","Berlin, BE, DE","https://de.indeed.com/viewjob?jk=ddd9269dd59a500d","parttime, fulltime","indeed","2026-02-23"
"Deutsche Rentenversicherung","Senior SIEM Engineer im Security Operations Center (SOC)","Berlin, BE, DE","https://de.indeed.com/viewjob?jk=4c9024362db23001","parttime, fulltime","indeed","2026-02-23"
"Sensorberg GmbH","iOS Developer (m/f/x)","Berlin, BE, DE","https://de.indeed.com/viewjob?jk=7a2a4b1fb388b15f","fulltime","indeed","2026-02-23"
"Bundesagentur fÃ¼r Arbeit","Specialist System-Engineer (w/m/d)","Berlin, BE, DE","https://de.indeed.com/viewjob?jk=25c2bb9e43fb7f75","","indeed","2026-02-22"
"Bundesagentur fÃ¼r Arbeit","Senior Professional System-Engineer (w/m/d) - Automatisierung","Berlin, BE, DE","https://de.indeed.com/viewjob?jk=fe1b1f68f0b1dabe","","indeed","2026-02-22"
"Bundesagentur fÃ¼r Arbeit","Senior Professional System-Engineer (w/m/d) - Echtzeitkommunikation","Berlin, BE, DE","https://de.indeed.com/viewjob?jk=ae3d971792286c7d","","indeed","2026-02-22"
"GFAD IT und Service GmbH","Systemingenieur / IT-Ingenieur (m/w/ d)","Berlin, Berlin, Germany","https://www.linkedin.com/jobs/view/4373772955","","linkedin","2026-02-22"
"L1VE","System Integration Engineer (f/m/x, international)","Berlin, Berlin, Germany","https://www.linkedin.com/jobs/view/4374202121","","linkedin","2026-02-22"
"SAP","PhD Internship (f/m/d) - AI Research - Foundation Models on Structured Data","Berlin, BE, DE","https://de.indeed.com/viewjob?jk=087be6ccacb5e64f","fulltime, internship","indeed","2026-02-22"
"KAYAK","Java Software Engineer K4B","Berlin, Berlin, Germany","https://www.linkedin.com/jobs/view/4359725291","","linkedin","2026-02-22"
"Veeva Systems","QA Engineer for Mobile","Berlin, BE, DE","https://de.indeed.com/viewjob?jk=99a3c675a58da750","","indeed","2026-02-21"
"SAP","Senior Product Security Engineer (f/m/d)","Berlin, BE, DE","https://de.indeed.com/viewjob?jk=07816b783f4ddca1","fulltime","indeed","2026-02-21"
"Snowflake","Software Engineer XP","Berlin, Berlin, Germany","https://www.linkedin.com/jobs/view/4334257823","","linkedin","2026-02-21"
"Allgeier Public","(Senior) DevOps Engineer (m/w/d)","Berlin, Berlin, Germany","https://www.linkedin.com/jobs/view/4376312544","","linkedin","2026-02-21"
"[ui!] Urban Software Institute","DevOps Pipeline Engineer (m/w/d)","Berlin, Berlin, Germany","https://www.linkedin.com/jobs/view/4373717718","","linkedin","2026-02-21"
"SAP","Senior DevOps Engineer (f/m/d)","Berlin, Berlin, Germany","https://www.linkedin.com/jobs/view/4328171813","","linkedin","2026-02-21"
"Enpal","Platform Engineer (f/m/x)","Berlin, Berlin, Germany","https://www.linkedin.com/jobs/view/4374694258","","linkedin","2026-02-21"
"Wolt","Site Reliability Engineer (Go), Storage Platform","Berlin, Berlin, Germany","https://www.linkedin.com/jobs/view/4328300984","","linkedin","2026-02-21"
"DCI Digital Career Institute","Teacher/Lehrer (m/w/d) Business Automation Expert - voll remote","Berlin, BE, DE","https://de.indeed.com/viewjob?jk=1d90662f78983cfe","parttime","indeed","2026-02-21"
"Amazon Web Services (AWS)","Systems Engineer, Managed Operations","Berlin, Germany","https://www.linkedin.com/jobs/view/4359605641","","linkedin","2026-02-21"
"Amazon Web Services (AWS)","Systems Engineer, Managed Operations","Berlin, Germany","https://www.linkedin.com/jobs/view/4359495684","","linkedin","2026-02-21"
"Planet","Space Systems Engineer, Mission Operations","Berlin, Berlin, Germany","https://www.linkedin.com/jobs/view/4376137300","","linkedin","2026-02-21"
"Spiele-Palast GmbH","Lead Game Backend Developer PHP/JAVA (m/f/d)","Berlin-Friedrichshain, BE, DE","https://de.indeed.com/viewjob?jk=e3021b479612c83c","fulltime","indeed","2026-02-21"
"SWARCO","Senior Java Developer (m/f/d)","Berlin, Berlin, Germany","https://www.linkedin.com/jobs/view/4324889941","","linkedin","2026-02-21"
"LDB Group","Java Entwickler AI-Assisted Coding (w/m/d)","Berlin, Berlin, Germany","https://www.linkedin.com/jobs/view/4373764608","","linkedin","2026-02-21"
"Enpal GmbH","Staff Engineer â€“ Authentication & Authorization (f/m/x)","Berlin, BE, DE","https://de.indeed.com/viewjob?jk=df6c006363cff0a5","fulltime","indeed","2026-02-20"
"Enpal GmbH","Platform Engineer (f/m/x)","Berlin, BE, DE","https://de.indeed.com/viewjob?jk=b2163f8811c7efcb","fulltime","indeed","2026-02-20"
"Moss","Website Engineer","Berlin, Berlin, Germany","https://www.linkedin.com/jobs/view/4367337311","","linkedin","2026-02-20"
"Grammarly","Software Engineer, Full-Stack","Berlin, Germany","https://www.linkedin.com/jobs/view/4374642109","","linkedin","2026-02-20"
"Helsing","Software Engineer","Berlin, Berlin, Germany","https://www.linkedin.com/jobs/view/4343854599","","linkedin","2026-02-20"
"SumUp","Senior Embedded QA Engineer","Berlin, BE, DE","https://de.indeed.com/viewjob?jk=ca50be2ccbb14ef7","","indeed","2026-02-20"
"Raisin","(Senior) Software Engineer Backend â€“ Investment and Pension Products (m/f/d)","Berlin, BE, DE","https://de.indeed.com/viewjob?jk=e71f8e488ece6b62","","indeed","2026-02-20"
"SumUp","Senior Embedded QA Engineer","Berlin, BE, DE","https://de.indeed.com/viewjob?jk=6b756aa44e9a4bd1","","indeed","2026-02-20"
"Delivery Hero","Engineer II, Golang - (Tech Foundations, Developer Platform)","Berlin, BE, DE","https://de.indeed.com/viewjob?jk=2996f438e6d95fb0","fulltime","indeed","2026-02-20"
"Raisin","(Senior) Software Engineer Frontend â€“ Investment and Pension Products (m/f/d)","Berlin, BE, DE","https://de.indeed.com/viewjob?jk=e45e2a9af77e82e3","","indeed","2026-02-20"
"Enpal GmbH","Platform Engineer (f/m/x)","Berlin, BE, DE","https://de.indeed.com/viewjob?jk=2bc953534c5f76df","fulltime","indeed","2026-02-20"
"EMnify","Senior AWS Cloud Platform Engineer (d/f/m)","Berlin, BE, DE","https://de.indeed.com/viewjob?jk=2e756a570c18e49d","","indeed","2026-02-20"
"Redcare Pharmacy","Senior Site Reliability Engineer (m/f/d)","Berlin, Berlin, Germany","https://www.linkedin.com/jobs/view/4367021660","","linkedin","2026-02-20"
"Raisin","(Senior) Software Engineer Frontend â€“ Investment and Pension Products (m/f/d)","Berlin, BE, DE","https://de.indeed.com/viewjob?jk=4d948cdf78515cf1","","indeed","2026-02-20"
"Planet","Space Systems Engineer","Berlin, Berlin, Germany","https://www.linkedin.com/jobs/view/4375608383","","linkedin","2026-02-20"
"Amazon Web Services (AWS)","Systems Engineer, Managed Operations","Berlin, Germany","https://www.linkedin.com/jobs/view/4304166753","","linkedin","2026-02-20"
"Amazon Web Services (AWS)","Systems Engineer, Managed Operations","Berlin, Germany","https://www.linkedin.com/jobs/view/4304449159","","linkedin","2026-02-20"
"Robert Koch Institute","Junior Network Engineer","Berlin, Germany","https://www.linkedin.com/jobs/view/4375688324","","linkedin","2026-02-20"
"shyftplan","Senior Backend Engineer (f/m/d)","Berlin-Kreuzberg, BE, DE","https://de.indeed.com/viewjob?jk=367836763fc331ba","fulltime","indeed","2026-02-20"
"","Lead Backend Engineer","Berlin, BE, DE","https://de.indeed.com/viewjob?jk=00da01ad2b9bd01c","fulltime","indeed","2026-02-20"
"Raisin","(Senior) Software Engineer Backend â€“ Investment and Pension Products (m/f/d)","Berlin, BE, DE","https://de.indeed.com/viewjob?jk=6e6ed89089040335","","indeed","2026-02-20"
"adsquare GmbH","Backend Engineer - Java/Kotlin/AWS (m/f/d)","Berlin, BE, DE","https://de.indeed.com/viewjob?jk=8a54c4c2dc0306ca","fulltime","indeed","2026-02-20"
"montamo","Pflichtpraktikum Backend Developer (m/w/d)","Berlin, Berlin, Germany","https://www.linkedin.com/jobs/view/4373427717","","linkedin","2026-02-20"
"shyftplan","Fullstack Engineer (f/m/d)","Berlin, Berlin, Germany","https://www.linkedin.com/jobs/view/4373461070","","linkedin","2026-02-20"
"IMAGO","Senior Full-Stack Web Engineer (f/m/d)","Berlin, Berlin, Germany","https://www.linkedin.com/jobs/view/4373498092","","linkedin","2026-02-20"
"verkstedt","Senior JavaScript Developer (f/m/x)","Berlin, Berlin, Germany","https://www.linkedin.com/jobs/view/4373427410","","linkedin","2026-02-20"
"DATATRONiQ","(Senior) Developer Fullstack (Typescript / Javascript / Node.js)","Berlin, Berlin, Germany","https://www.linkedin.com/jobs/view/4373437215","","linkedin","2026-02-20"
"SAP","Product Expert for ApeiroRA / EU AI Projects (m/f/d)","Berlin, BE, DE","https://de.indeed.com/viewjob?jk=40f8b2659f95b5fe","fulltime","indeed","2026-02-20"
"MOIA","Data Engineer (all genders) - Data Foundation","Berlin, BE, DE","https://de.indeed.com/viewjob?jk=1577a8cd063fcbbd","","indeed","2026-02-20"
"Living Quarter GmbH","Automation Developer mit Fokus AI (m/w/d)","Berlin, BE, DE","https://de.indeed.com/viewjob?jk=ed8df7972addc8cb","fulltime","indeed","2026-02-20"
"","Automation Developer mit Fokus AI (m/w/d)","Berlin, BE, DE","https://de.indeed.com/viewjob?jk=f6527c9f7c837fee","fulltime","indeed","2026-02-20"
"Optimus Search","Python Engineer - profitables KI-Startup","Berlin, Germany","https://www.linkedin.com/jobs/view/4373471263","","linkedin","2026-02-20"
"Cint","Senior Full-Stack ML Engineer (m/w/d)","Berlin, Berlin, Germany","https://www.linkedin.com/jobs/view/4375828223","","linkedin","2026-02-20"
"Chrono24","Java Developer (m/f/d) - Hybrid in Berlin","Berlin, Berlin, Germany","https://www.linkedin.com/jobs/view/4304544312","","linkedin","2026-02-20"
"zetcom","Senior Java/Jakarta EE Fullstack Developer","Berlin, Berlin, Germany","https://www.linkedin.com/jobs/view/4373428428","","linkedin","2026-02-20"
"Adsquare","Backend Engineer - Java/Kotlin/AWS (m/f/d)","Berlin, Germany","https://www.linkedin.com/jobs/view/4373435300","","linkedin","2026-02-20"
"AnyTax","Full-Stack Software Engineer (TypeScript)","Berlin, Berlin, Germany","https://www.linkedin.com/jobs/view/4373102325","","linkedin","2026-02-19"
"Cortea","Spontaneous Application - Get in touch! (m/f/x)","Berlin, Berlin, Germany","https://www.linkedin.com/jobs/view/4375118886","","linkedin","2026-02-19"
"Mirantus Health","Junior Software Engineer (Support & Operations)","Berlin, Berlin, Germany","https://www.linkedin.com/jobs/view/4373123092","","linkedin","2026-02-19"
"KAYAK","JAVA Engineering Intern","Berlin, Berlin, Germany","https://www.linkedin.com/jobs/view/4375165358","","linkedin","2026-02-19"
"Flink","Senior Software Engineer - Web (m/f/d)","Berlin, Berlin, Germany","https://www.linkedin.com/jobs/view/4368019739","","linkedin","2026-02-19"
"Dive CAE","Unsolicited","Berlin, Berlin, Germany","https://www.linkedin.com/jobs/view/4373101666","","linkedin","2026-02-19"
"Redcare Pharmacy","Backend Engineer (m/f/d)","Berlin, Berlin, Germany","https://www.linkedin.com/jobs/view/4330793249","","linkedin","2026-02-19"
"Langfuse","Senior Frontend Engineer","Berlin, Berlin, Germany","https://www.linkedin.com/jobs/view/4375190166","","linkedin","2026-02-19"
"","Senior DevOps & Cloud Engineer (all genders)","Berlin, BE, DE","https://de.indeed.com/viewjob?jk=05b73f4ae2eeab1e","","indeed","2026-02-19"
"Climate Analytics","Senior DevOps Consultant (f/m/d)","Berlin, BE, DE","https://de.indeed.com/viewjob?jk=c7e05baf883024fe","fulltime","indeed","2026-02-19"
"ezeep","Mid-Level-DevOps/Cloud Engineer (m/w/d)","Berlin, Berlin, Germany","https://www.linkedin.com/jobs/view/4375196684","","linkedin","2026-02-19"
"Veeva Systems","Senior Software Engineer - SRE","Berlin, BE, DE","https://de.indeed.com/viewjob?jk=c54418ceaa066157","","indeed","2026-02-19"
"SumUp","Early-Career Machine Learning Engineer - Accelerator Programme","Berlin, BE, DE","https://de.indeed.com/viewjob?jk=7c726de2460d3b9c","fulltime","indeed","2026-02-19"
"Raisin","(Senior) Mobile/Web Engineer - RX Tooling Team (m/f/d)","Berlin, BE, DE","https://de.indeed.com/viewjob?jk=d3f5243a0d404fa4","","indeed","2026-02-19"
"Lieferando","Senior Data Scientist","Berlin, BE, DE","https://de.indeed.com/viewjob?jk=831377f0d7397411","fulltime","indeed","2026-02-19"
"ifp Privates Institut fÃ¼r ProduktqualitÃ¤t","Systemadministrator / System Engineer â€“ Microsoft Azure (m/w/d)","Berlin, Berlin, Germany","https://www.linkedin.com/jobs/view/4373661492","","linkedin","2026-02-19"
"SumUp","Senior Backend Engineer - Golang","Berlin, BE, DE","https://de.indeed.com/viewjob?jk=2d598077ebc52188","","indeed","2026-02-19"
"Andercore","Backend Engineer - FinTech","Berlin, BE, DE","https://de.indeed.com/viewjob?jk=369fd38006677136","fulltime","indeed","2026-02-19"
"Andercore","Backend Engineer - Supply Chain & Logistics","Berlin, BE, DE","https://de.indeed.com/viewjob?jk=d56f03dc0534c9f9","fulltime","indeed","2026-02-19"
"Andercore","Sr. Backend Engineer","Berlin, BE, DE","https://de.indeed.com/viewjob?jk=bf78f818c7981d71","fulltime","indeed","2026-02-19"
"EMnify","Senior Software Engineer- JavaCard","Berlin, BE, DE","https://de.indeed.com/viewjob?jk=60ddeb45bb64be0e","","indeed","2026-02-19"
"EMnify","Staff Backend Software Engineer (SIM) (m/f/d)","Berlin, BE, DE","https://de.indeed.com/viewjob?jk=aa2d4981d81b4aec","","indeed","2026-02-19"
"SumUp","Senior Backend Engineer - Golang","Berlin, BE, DE","https://de.indeed.com/viewjob?jk=53ddf157393202c7","","indeed","2026-02-19"
"dltHub","Senior Software Engineer - Python Backend","Berlin, BE, DE","https://de.indeed.com/viewjob?jk=5796120bae94a2bb","fulltime","indeed","2026-02-19"
"","Pflichtpraktikum Backend Developer (m/w/d)","Berlin, BE, DE","https://de.indeed.com/viewjob?jk=d8c9d0490d96d1b5","fulltime","indeed","2026-02-19"
"KAYAK","Senior JAVA Software Engineer (Fixed term)","Berlin, BE, DE","https://de.indeed.com/viewjob?jk=eebf891b1bd422d9","fulltime","indeed","2026-02-19"
"KAYAK","JAVA Engineering Intern","Berlin, BE, DE","https://de.indeed.com/viewjob?jk=21d4724f061ef02e","","indeed","2026-02-19"
"Flink","Software Engineer Golang (m/f/d)","Berlin, BE, DE","https://de.indeed.com/viewjob?jk=36428c373301493e","fulltime","indeed","2026-02-19"
"Clera","Founding Full-Stack Engineer","Berlin, Berlin, Germany","https://www.linkedin.com/jobs/view/4373170362","","linkedin","2026-02-19"
"dltHub","Senior Software Engineer - Python Backend","Berlin, Berlin, Germany","https://www.linkedin.com/jobs/view/4375165572","","linkedin","2026-02-19"
"Stealth AI Startup","Full Stack Engineer (Working Student)","Berlin, Germany","https://www.linkedin.com/jobs/view/4373112864","","linkedin","2026-02-19"
"ethinking GmbH","Fullstack/Frontend Developer (m/w/d)","Berlin, Berlin, Germany","https://www.linkedin.com/jobs/view/4373164388","","linkedin","2026-02-19"
"Andercore","Backend Engineer - FinTech","Berlin, Berlin, Germany","https://www.linkedin.com/jobs/view/4374086294","","linkedin","2026-02-19"
"deepset GmbH","Forward Deployed Engineer (Full-Stack)","Berlin, BE, DE","https://de.indeed.com/viewjob?jk=abf13836a7069f94","fulltime","indeed","2026-02-19"
"Raisin","Senior Mobile/Web Engineer - Document Management Team (m/f/d)","Berlin, BE, DE","https://de.indeed.com/viewjob?jk=75225bb326922247","","indeed","2026-02-19"
"Tripledot","Senior Data Engineer","Berlin, BE, DE","https://de.indeed.com/viewjob?jk=67b223ee3aa50b8a","fulltime","indeed","2026-02-19"
"Deutsche Bank","Senior QA Automation Engineer (f/m/x) â€“ Research Technology","Berlin, BE, DE","https://de.indeed.com/viewjob?jk=7b9c6eb2de7a8ae0","fulltime","indeed","2026-02-19"
"iris intelligent sensing SASU","Werkstudent (m/w/d) Frontend Development","Berlin, BE, DE","https://de.indeed.com/viewjob?jk=9cdaccfe810bb80c","parttime","indeed","2026-02-19"
"Xpreso","Founding Full-Stack Engineer","Berlin, Germany","https://www.linkedin.com/jobs/view/4373100786","","linkedin","2026-02-19"
"Flink","Software Engineer - iOS (m/f/d)","Berlin, Berlin, Germany","https://www.linkedin.com/jobs/view/4374010672","","linkedin","2026-02-19"
"Enpal GmbH","Director of Software Engineering (f/m/x)","Berlin, BE, DE","https://de.indeed.com/viewjob?jk=a00de9e35fef3ecb","fulltime","indeed","2026-02-18"
"Miro","Graduate Software Engineer","Berlin, Berlin, Germany","https://www.linkedin.com/jobs/view/4372497459","","linkedin","2026-02-18"
"Capgemini","Software Engineer (w/m/d)","Berlin, Berlin, Germany","https://www.linkedin.com/jobs/view/4374764434","","linkedin","2026-02-18"
"dreifach.ai","Founding Software Engineer, remote (m/w/d) in GenAI-Startup","Berlin, Berlin, Germany","https://www.linkedin.com/jobs/view/4374772723","","linkedin","2026-02-18"
"StackFuel GmbH","Learning Content Engineer - Cloud / DevOps (all genders)","Berlin, BE, DE","https://de.indeed.com/viewjob?jk=16cb9f3907ad0185","fulltime","indeed","2026-02-18"
"Swarco","DevOps Engineer / IT Operations & Automation (m/w/d)","Berlin, BE, DE","https://de.indeed.com/viewjob?jk=7e1d02f841322397","fulltime","indeed","2026-02-18"
"BWI GmbH","Senior AI Platform Engineer (w/m/d)","Berlin, BE, DE","https://de.indeed.com/viewjob?jk=65166dff16953466","fulltime","indeed","2026-02-18"
"Siemens Energy","Experienced DevOps Engineer (f/m/d)","Berlin, Berlin, Germany","https://www.linkedin.com/jobs/view/4373304798","","linkedin","2026-02-18"
"European IT Consultancy EITCO GmbH","DevOps Engineer - CI/CD Engineer (m/w/d)","Berlin, Berlin, Germany","https://www.linkedin.com/jobs/view/4368228065","","linkedin","2026-02-18"
"Scalable Capital","(Senior) Cloud Site Reliability Engineer (Cloud) (m/f/x)","Berlin, Berlin, Germany","https://www.linkedin.com/jobs/view/4373342678","","linkedin","2026-02-18"
"SWARCO","DevOps Engineer / IT Operations & Automation (m/w/d)","Berlin, Berlin, Germany","https://www.linkedin.com/jobs/view/4373386208","","linkedin","2026-02-18"
"Scalable Capital","(Senior) Cloud Site Reliability Engineer (Scalability) (m/f/x)","Berlin, Berlin, Germany","https://www.linkedin.com/jobs/view/4373352400","","linkedin","2026-02-18"
"T-Systems International","Experte DevOps Engineer (m/w/d)","Berlin, Berlin, Germany","https://www.linkedin.com/jobs/view/4374769639","","linkedin","2026-02-18"
"Scientific Research Corporation","Network Engineer","Berlin, BE, DE","https://de.indeed.com/viewjob?jk=60c2157052731310","fulltime","indeed","2026-02-18"
"Conductor","Sr. Product Manager","Berlin, BE, DE","https://de.indeed.com/viewjob?jk=b7d0298f09682f70","fulltime","indeed","2026-02-18"
"Henkel","IT Architect Industrial IoT (d/f/m)","Berlin, BE, DE","https://de.indeed.com/viewjob?jk=4c6d3c977205c7d2","fulltime","indeed","2026-02-18"
"Atlantic","AI Engineer (Perception & Edge AI Systems Engineer) (gn) @ Autonomous Navigation Venture, Belgium","Berlin, Germany","https://www.linkedin.com/jobs/view/4372609230","","linkedin","2026-02-18"
"Acto","Senior Platform Engineer - AI Infrastructure & Observability (m/f/d)","Berlin, Germany","https://www.linkedin.com/jobs/view/4372465746","","linkedin","2026-02-18"
"NewSpace Technical","Senior System Engineer","Berlin, Germany","https://www.linkedin.com/jobs/view/4362654524","","linkedin","2026-02-18"
"Flix","Mid Level -  Support Engineer (m/f/d)","Berlin, Berlin, Germany","https://www.linkedin.com/jobs/view/4375017646","","linkedin","2026-02-18"
"Delivery Hero","Engineer II, Golang - Data Platform","Berlin, Berlin, Germany","https://www.linkedin.com/jobs/view/4373307519","","linkedin","2026-02-18"
"GetYourGuide","Data Engineer (Java/Scala)","Berlin, Berlin, Germany","https://www.linkedin.com/jobs/view/4338487189","","linkedin","2026-02-18"
"ITONICS","Internship / Apprenticeship â€“ Backend Developer (Golang / Node)","Berlin, Berlin, Germany","https://www.linkedin.com/jobs/view/4374776776","","linkedin","2026-02-18"
"conet","(Junior) Frontend Entwickler JavaScript (m/w/d)","Berlin, Berlin, Germany","https://www.linkedin.com/jobs/view/4374769524","","linkedin","2026-02-18"
"ITONICS","Internship / Apprenticeship â€“ Frontend Developer (Angular / React)","Berlin, Berlin, Germany","https://www.linkedin.com/jobs/view/4374782401","","linkedin","2026-02-18"
"punktum","Full Stack Engineer","Berlin, Berlin, Germany","https://www.linkedin.com/jobs/view/4363987950","","linkedin","2026-02-18"
"Justhome","Full Stack Engineer (m/w/d)","Berlin, Berlin, Germany","https://www.linkedin.com/jobs/view/4372612756","","linkedin","2026-02-18"
"Justhome GmbH","Full Stack Entwickler (m/w/d)","Berlin, BE, DE","https://de.indeed.com/viewjob?jk=5a5ed42ec8f7528b","fulltime","indeed","2026-02-18"
"Bettermile","Senior Full-Stack Developer - Vue.js, Kotlin - Better Tracking (d/f/m)","Berlin, BE, DE","https://de.indeed.com/viewjob?jk=e8316a8f7f2753ff","fulltime","indeed","2026-02-18"
"develop","Frontend Developer","Berlin, Berlin, Germany","https://www.linkedin.com/jobs/view/4374723487","","linkedin","2026-02-18"
"Enpal GmbH","Senior Business Intelligence Developer - Finance (f/m/x)","Berlin, BE, DE","https://de.indeed.com/viewjob?jk=7bdde2565641ed10","fulltime","indeed","2026-02-18"
"Enpal GmbH","Technischer Venture Developer (w/m/d)","Berlin, BE, DE","https://de.indeed.com/viewjob?jk=60c14ff407398f11","fulltime","indeed","2026-02-18"
"Mindrift","Freelance Machine Learning Developer (Python)","Berlin, Berlin, Germany","https://www.linkedin.com/jobs/view/4374727584","","linkedin","2026-02-18"
"ITONICS","Internship / Apprenticeship â€“ Data & AI Engineer (Python / LangChain / LLMs)","Berlin, Berlin, Germany","https://www.linkedin.com/jobs/view/4374789068","","linkedin","2026-02-18"
"Kraken","Fullstack Developer (Python)","Berlin, Berlin, Germany","https://www.linkedin.com/jobs/view/4343899244","","linkedin","2026-02-18"
"Pupil Labs","Senior Python Developer (Desktop)","Berlin, Germany","https://www.linkedin.com/jobs/view/4374775272","","linkedin","2026-02-18"
"SAP","Working Student (f/m/d) - Developer for Reporting and Analytics","Berlin, BE, DE","https://de.indeed.com/viewjob?jk=93ef2d2fa4c0650a","parttime","indeed","2026-02-18"
"Diebold Nixdorf","Test & Quality Engineer (m/w/d)","Berlin, BE, DE","https://de.indeed.com/viewjob?jk=ba32b7d42686f885","fulltime","indeed","2026-02-18"
"HNM Solutions","SW developer Android App and JAVA framework","Berlin, BE, DE","https://de.indeed.com/viewjob?jk=6b80b84d920e2b24","","indeed","2026-02-18"
"Verve","Senior/Mid Fullstack Software Engineer","Berlin, Berlin, Germany","https://www.linkedin.com/jobs/view/4373317642","","linkedin","2026-02-18"
"Enpal GmbH","Tech Lead - Metrify (f/m/x)","Berlin, BE, DE","https://de.indeed.com/viewjob?jk=4aea32322543063a","fulltime","indeed","2026-02-17"
"Upvest","Software Engineer (f/m/d)","Berlin, Berlin, Germany","https://www.linkedin.com/jobs/view/4309264761","","linkedin","2026-02-17"
"DeepL","Software Engineer | Full-Stack","Berlin, Berlin, Germany","https://www.linkedin.com/jobs/view/4373031269","","linkedin","2026-02-17"
"Intercom","Software Engineer","Berlin, Berlin, Germany","https://www.linkedin.com/jobs/view/4333745022","","linkedin","2026-02-17"
"SAP","T2/T3 DevOps Engineer for Sovereign Cloud Onsite / ApeiroRA / EU AI Projects (m/f/d)","Berlin, BE, DE","https://de.indeed.com/viewjob?jk=1751048f2ff5320f","parttime, fulltime","indeed","2026-02-17"
"SAP","Senior DevOps Engineer (f/m/d)","Berlin, BE, DE","https://de.indeed.com/viewjob?jk=4fcadecdc047e426","parttime, fulltime","indeed","2026-02-17"
"Materna","Site Reliability Engineer (m/w/d)","Berlin, BE, DE","https://de.indeed.com/viewjob?jk=20abe37034371bed","","indeed","2026-02-17"
"Veo Technologies","Senior Software Engineer - API","Berlin, Berlin, Germany","https://www.linkedin.com/jobs/view/4354366929","","linkedin","2026-02-17"
"Cavendish Professionals","Software Engineer","Berlin, Germany","https://www.linkedin.com/jobs/view/4355767886","","linkedin","2026-02-17"
"DL Remote","Technical Lead IT Infrastructure","Berlin, Berlin, Germany","https://www.linkedin.com/jobs/view/4372591384","","linkedin","2026-02-17"
"TBO","Backend Entwickler (m/w/d)","Berlin, Berlin, Germany","https://www.linkedin.com/jobs/view/4364719845","","linkedin","2026-02-17"
"Forto","Senior Backend Engineer","Berlin, Berlin, Germany","https://www.linkedin.com/jobs/view/4374116002","","linkedin","2026-02-17"
"Assecor GmbH","Frontend Entwickler (m|w|d) Angular","Berlin, Berlin, Germany","https://www.linkedin.com/jobs/view/4371941766","","linkedin","2026-02-17"
"neural frames","Full-Stack Engineer","Berlin, Berlin, Germany","https://www.linkedin.com/jobs/view/4372888205","","linkedin","2026-02-17"
"Anson McCade","Full Stack Engineer","Berlin, Germany","https://www.linkedin.com/jobs/view/4364196510","","linkedin","2026-02-17"
"Sonia","Lead Full-Stack Engineer (all) - TypeScript","Berlin, Berlin, Germany","https://www.linkedin.com/jobs/view/4371945519","","linkedin","2026-02-17"
"Mindrift","Freelance Data Science Engineer (Python & SQL)","Berlin, Berlin, Germany","https://www.linkedin.com/jobs/view/4373954826","","linkedin","2026-02-17"
"Ceartas","Data & Python Software Engineer","Berlin, Germany","https://www.linkedin.com/jobs/view/4364739952","","linkedin","2026-02-17"
"AMBOSS","Software Engineer (Python/React)","Berlin, Berlin, Germany","https://www.linkedin.com/jobs/view/4348073626","","linkedin","2026-02-17"
"Cavendish Professionals","Fullstack Python Software Engineer","Berlin, Germany","https://www.linkedin.com/jobs/view/4309541359","","linkedin","2026-02-17"
"Stella.Coach","Praktikum Backend Developer (m/w/d) - Schwerpunkt Python / Azure","Berlin, Berlin, Germany","https://www.linkedin.com/jobs/view/4364767972","","linkedin","2026-02-17"
"","AI Developer (m/w/d) Tech & Product","Berlin, BE, DE","https://de.indeed.com/viewjob?jk=dcb347c04663f935","fulltime","indeed","2026-02-17"
"Materna","Senior Fullstack Entwickler:in Webtechnologien","Berlin, BE, DE","https://de.indeed.com/viewjob?jk=d7a3bd35492320c2","","indeed","2026-02-17"
"Materna","Software Architect Java (m/w/d)","Berlin, BE, DE","https://de.indeed.com/viewjob?jk=2556c2d36be5e1da","","indeed","2026-02-17"
"Materna","Mobile Backend Entwickler:in Java","Berlin, BE, DE","https://de.indeed.com/viewjob?jk=5f79a29bece5404c","","indeed","2026-02-17"
"Materna","TypeScript / React Frontend Entwickler:in","Berlin, BE, DE","https://de.indeed.com/viewjob?jk=c394a4b7831b8be9","","indeed","2026-02-17"
"Materna","TYPO3 Entwickler:in","Berlin, BE, DE","https://de.indeed.com/viewjob?jk=9442bda760e0b777","","indeed","2026-02-17"
"Satispay","Senior Software Engineer, Back End Developer - Core Domain (Relocation to Milan)","Berlin, BE, DE","https://de.indeed.com/viewjob?jk=22943005a06d9183","fulltime","indeed","2026-02-17"
"Satispay","Senior Software Engineer, Back End Developer - Consumer Wealth (Relocation to Milan)","Berlin, BE, DE","https://de.indeed.com/viewjob?jk=4f54792eeb6f474f","fulltime","indeed","2026-02-17"
"Diebold Nixdorf","Senior Java Developer (m/f/d)","Berlin, Berlin, Germany","https://www.linkedin.com/jobs/view/4208184414","","linkedin","2026-02-17"
"Anson McCade","Full Stack Engineer","Berlin, Germany","https://www.linkedin.com/jobs/view/4364729952","","linkedin","2026-02-17"
"Focusrite","Embedded Software Engineer (m/f/d) - ADAM Audio GmbH","Berlin, Berlin, Germany","https://www.linkedin.com/jobs/view/4373802816","","linkedin","2026-02-16"
"ezeep","Software Developer C++ / C# (w/m/d)","Berlin, Berlin, Germany","https://www.linkedin.com/jobs/view/4373801644","","linkedin","2026-02-16"
"Digital Charging Solutions GmbH","Platform Engineer (f/m/d)","Berlin, BE, DE","https://de.indeed.com/viewjob?jk=91053ad473547d6c","","indeed","2026-02-16"
"BARFER'S","Engineering Team Lead (all genders)","Berlin, BE, DE","https://de.indeed.com/viewjob?jk=16cea423b0bafe1f","","indeed","2026-02-16"
"n8n","Sr Cloud Engineer | NodeJS + TS/JS | Europe remote","Berlin, BE, DE","https://de.indeed.com/viewjob?jk=e449d816721c0540","fulltime","indeed","2026-02-16"
"Instaffo","Cloud / DevOps Engineer","Berlin, Berlin, Germany","https://www.linkedin.com/jobs/view/4301535209","","linkedin","2026-02-16"
"Mirantus Health","Senior DevOps Engineer","Berlin, Berlin, Germany","https://www.linkedin.com/jobs/view/4371915437","","linkedin","2026-02-16"
"ageneo Life Science Experts (Interim Solutions) GmbH","AWS DevOps- & Software-Engineer (m/w/d)","Berlin, Germany","https://www.linkedin.com/jobs/view/4364559912","","linkedin","2026-02-16"
"DATAGROUP Enterprise","Dev Ops Engineer (all genders)","Berlin, Berlin, Germany","https://www.linkedin.com/jobs/view/4372566712","","linkedin","2026-02-16"
"Amazon Web Services (AWS)","DevOPS/Systems Engineer, Managed Operations","Berlin, Germany","https://www.linkedin.com/jobs/view/4313223964","","linkedin","2026-02-16"
"acemate.ai","Senior Software Engineer / Developer","Berlin, Berlin, Germany","https://www.linkedin.com/jobs/view/4364568608","","linkedin","2026-02-16"
"Digital Charging Solutions","Platform Engineer (f/m/d)","Berlin, Berlin, Germany","https://www.linkedin.com/jobs/view/4371931479","","linkedin","2026-02-16"
"Johannesstift Diakonie","Infrastructure Engineer Data-Center|80% Remote","Berlin, Berlin, Germany","https://www.linkedin.com/jobs/view/4373592930","","linkedin","2026-02-16"
"Robert Half","Senior Systemingenieur:in","Berlin, Germany","https://www.linkedin.com/jobs/view/4373587500","","linkedin","2026-02-16"
"acemate.ai","Full-Stack Developer (Working Student)","Berlin, Berlin, Germany","https://www.linkedin.com/jobs/view/4364783333","","linkedin","2026-02-16"
"acemate.ai","Senior Backend Engineer / Developer","Berlin, Berlin, Germany","https://www.linkedin.com/jobs/view/4364587485","","linkedin","2026-02-16"
"acemate.ai","Full-Stack Developer (Working Student)","Berlin, BE, DE","https://de.indeed.com/viewjob?jk=cc911888c12d0b19","","indeed","2026-02-16"
"acemate.ai","Senior Backend Engineer / Developer","Berlin, BE, DE","https://de.indeed.com/viewjob?jk=a697458a5d8c819d","","indeed","2026-02-16"
"acemate.ai","Senior Software Engineer / Developer","Berlin, BE, DE","https://de.indeed.com/viewjob?jk=dfa272515dc2698e","","indeed","2026-02-16"
"deepsense","Frontend Developer","Berlin, BE, DE","https://de.indeed.com/viewjob?jk=389e4326f85b0ec6","parttime, fulltime","indeed","2026-02-15"
"Enpal GmbH","Senior Software Engineer - Energy Platform (f/m/x)","Berlin, BE, DE","https://de.indeed.com/viewjob?jk=9bb40e8304957712","fulltime","indeed","2026-02-13"
"Enpal GmbH","Senior Machine Learning Ops Engineer (f/m/x)","Berlin, BE, DE","https://de.indeed.com/viewjob?jk=854c810be783830d","fulltime","indeed","2026-02-13"
"Enpal GmbH","Senior Software Engineer - Customer App (f/m/x)","Berlin, BE, DE","https://de.indeed.com/viewjob?jk=cc550c8250fd77d2","fulltime","indeed","2026-02-10"
"Enpal GmbH","Staff Application Security Engineer (f/m/d)","Berlin, BE, DE","https://de.indeed.com/viewjob?jk=719f9c29048d9785","fulltime","indeed","2026-02-04"
"Enpal GmbH","(Senior) Business Engineer (f/m/x)","Berlin, BE, DE","https://de.indeed.com/viewjob?jk=bc8590e52f3f07a1","fulltime","indeed","2026-02-04"
"Enpal GmbH","(Senior) Backend Engineer - Enpal Financial Services - FinTech (f/m/x)","Berlin, BE, DE","https://de.indeed.com/viewjob?jk=f141eeea04dde55d","fulltime","indeed","2026-02-03"
"Enpal GmbH","Senior Software Automation Engineer (w/m/d)","Berlin, BE, DE","https://de.indeed.com/viewjob?jk=a1c16fdda6ca4bda","fulltime","indeed","2026-02-02"
"Enpal GmbH","Senior Associate Business Technology (w/m/d)","Berlin, BE, DE","https://de.indeed.com/viewjob?jk=4b0a309edea9efcc","fulltime","indeed","2026-02-02"
"Enpal GmbH","Senior Business Engineer (w/m/d)","Berlin, BE, DE","https://de.indeed.com/viewjob?jk=770ccbfc33194708","fulltime","indeed","2026-02-02"
"Enpal GmbH","Strategic Projects Manager (w/m/d) - Metrify Smart Metering","Berlin, BE, DE","https://de.indeed.com/viewjob?jk=2fdf2179c3c7f210","fulltime","indeed","2026-01-28"
"Enpal GmbH","AC - Quality Engineer / QM Hardware (w/m/d)","Berlin, BE, DE","https://de.indeed.com/viewjob?jk=d57aa8af1a76ec1a","fulltime","indeed","2026-01-28"
"Enpal GmbH","Senior Product Engineer (w/m/d) - German speaking","Berlin, BE, DE","https://de.indeed.com/viewjob?jk=f5a40c8434d6d832","fulltime","indeed","2026-01-27"
"Enpal GmbH","(Senior) Salesforce Developer (f/m/x)","Berlin, BE, DE","https://de.indeed.com/viewjob?jk=bdf187fea67424c9","fulltime","indeed","2026-01-15"
"Enpal GmbH","Senior Software Engineer (Fullstack) (f/m/d) - Metrify Smart Metering","Berlin, BE, DE","https://de.indeed.com/viewjob?jk=46b8a67cbc942b82","fulltime","indeed","2025-12-02"
"Enpal GmbH","Praktikum â€“ Business Engineering (w/m/d)","Berlin, BE, DE","https://de.indeed.com/viewjob?jk=9df5db899054a2e5","internship","indeed","2025-07-09"
"Enpal GmbH","Senior Software Engineer - Node.js (m/f/d)","Berlin, BE, DE","https://de.indeed.com/viewjob?jk=81195fe53d6b1f39","fulltime","indeed","2025-05-13"
"Enpal GmbH","Senior Software Engineer (m/f/d)","Berlin, BE, DE","https://de.indeed.com/viewjob?jk=4e5f8a3ba3cda5e1","fulltime","indeed","2025-05-13"
"Enpal GmbH","Senior Software Engineer - C# (m/f/d)","Berlin, BE, DE","https://de.indeed.com/viewjob?jk=314de8907fffa515","fulltime","indeed","2025-05-13"
"Enpal GmbH","Senior Software Engineer (m/f/d)","Berlin, BE, DE","https://de.indeed.com/viewjob?jk=3583e07977213ee7","fulltime","indeed","2025-05-13"
"Enpal GmbH","Senior QA Automation Engineer â€“ System Integrations Team (f/m/d)","Berlin, BE, DE","https://de.indeed.com/viewjob?jk=df7018fa31e2eda8","fulltime","indeed","2025-04-23"
"VOUND","Product/Software Engineer","Berlin, Berlin, Germany","https://www.linkedin.com/jobs/view/4374220545","","linkedin",""
"hotsplots GmbH","DevOps Engineer (m/w/d)","Berlin, Berlin, Germany","https://www.linkedin.com/jobs/view/4374227702","","linkedin",""
"secunet Security Networks AG","DevOps-Engineer (m/w/d)","Berlin, Germany","https://www.linkedin.com/jobs/view/4321506448","","linkedin",""
"Capgemini","Cloud Engineer (w/m/d)","Berlin, Berlin, Germany","https://www.linkedin.com/jobs/view/4376528633","","linkedin",""
"ssystems GmbH","System Administrator Linux (m/w/d) fÃ¼r Open Source Applikationen","Berlin, Berlin, Germany","https://www.linkedin.com/jobs/view/4374241639","","linkedin",""
"Instaffo","Backend Developer","Berlin, Berlin, Germany","https://www.linkedin.com/jobs/view/4376520458","","linkedin",""
"Mindrift","Senior Python Engineer - AI Testing Project (Freelance, Mindrift)","Berlin, Berlin, Germany","https://www.linkedin.com/jobs/view/4376549284","","linkedin",""
"Brainlab","IT Systems Engineer - Endpoint Management","MÃ¼nchen, BY, DE","https://de.indeed.com/viewjob?jk=c2d03b6ff34330d6","fulltime","indeed","2026-02-23"
"E. Breuninger GmbH & Co.","Senior Fullstack Engineer FIND (m/w/d) // Remote mÃ¶glich","MÃ¼nchen, BY, DE","https://de.indeed.com/viewjob?jk=49f6a2309114789d","fulltime","indeed","2026-02-23"
"Ordix AG","Kubernetes DevOps Engineer (m/w/d)","Augsburg, BY, DE","https://de.indeed.com/viewjob?jk=a27c8063dcda2dd1","fulltime","indeed","2026-02-23"
"Deutsche Rentenversicherung","Senior SIEM Engineer im Security Operations Center (SOC)","WÃ¼rzburg, BY, DE","https://de.indeed.com/viewjob?jk=6c206baf78eac735","parttime, fulltime","indeed","2026-02-23"
"Powerprozesse","Full-Stack Developer â€“ 100% Remote","Worms, RP, DE","https://de.indeed.com/viewjob?jk=7ec7b8f6fda0948a","fulltime","indeed","2026-02-23"
"GROPYUS","Senior Software Engineer- (PLC/OT) - Product Delivery","Heilbronn, BW, DE","https://de.indeed.com/viewjob?jk=3c6528b065cbf081","","indeed","2026-02-23"
"Ordix AG","Cloud Data Engineer (w/m/d)","Augsburg, BY, DE","https://de.indeed.com/viewjob?jk=0ce26d444158c93f","fulltime","indeed","2026-02-23"
"Leue Medical GbR","Full Stack Web Developer (m/w/d)","Deggendorf, BY, DE","https://de.indeed.com/viewjob?jk=24f11aa058c3fd14","parttime, fulltime","indeed","2026-02-23"
"","KI-Developer - Vollzeit (m/w/d)","Home Office, DE","https://de.indeed.com/viewjob?jk=ed81c1175f3b084d","fulltime","indeed","2026-02-23"
"Holtzbrinck Publishing Group","Fullstack Engineer - StellenmÃ¤rkte (d/w/m)","Hamburg, HH, DE","https://de.indeed.com/viewjob?jk=c304db789de32eae","","indeed","2026-02-22"
"Apple","System Integration Test Engineer","MÃ¼nchen, BY, DE","https://de.indeed.com/viewjob?jk=70eced567eb8d404","","indeed","2026-02-22"
"uhb consulting AG",".NET-Entwickler (m/w/d)","Sankt Wolfgang, BY, DE","https://de.indeed.com/viewjob?jk=b9fbc6504288180e","","indeed","2026-02-22"
"NTT DATA","Full Stack Developer (w/m/d)","Dresden, SN, DE","https://de.indeed.com/viewjob?jk=e4f1b930e17ac726","fulltime","indeed","2026-02-22"
"ICIG Business Services GmbH","(Junior) Service Engineer Digital Workplace mit Intune und SCCM (m/w/d)","Frankfurt am Main, HE, DE","https://de.indeed.com/viewjob?jk=9e8f619f9a69c8b2","","indeed","2026-02-21"
"Meteor Mobile Holdings Inc.","Senior Software Engineer - Web","Home Office, DE","https://de.indeed.com/viewjob?jk=63f29d51defb8983","fulltime","indeed","2026-02-21"
"","AI/ML Engineer (Student Worker)","Home Office, DE","https://de.indeed.com/viewjob?jk=b72bf9bafef3c2d1","parttime, internship","indeed","2026-02-21"
"R+V Versicherung AG","Senior Cloud & DevSecOps Engineer (m/w/d)","Wiesbaden, HE, DE","https://de.indeed.com/viewjob?jk=169a202abea4e33c","fulltime","indeed","2026-02-21"
"R+V Versicherung AG","System Plattform Engineer (m/w/d) Backup & Recovery","Wiesbaden, HE, DE","https://de.indeed.com/viewjob?jk=2119b0c4a64f5844","fulltime","indeed","2026-02-21"
"Apple","Wireless Systems Analysis Engineer","MÃ¼nchen, BY, DE","https://de.indeed.com/viewjob?jk=20382c4a61646404","","indeed","2026-02-21"
"Crossing Hurdles","Software Engineer (Frontend) | Remote","","https://www.linkedin.com/jobs/view/4374936070","","linkedin","2026-02-21"
"Crossing Hurdles","Software Engineer (Frontend) | Remote","","https://www.linkedin.com/jobs/view/4374923575","","linkedin","2026-02-21"
"ENERANDO","Backend Developer Rust (m/w/d) â€“ EV-Ladesysteme","Garching bei MÃ¼nchen, BY, DE","https://de.indeed.com/viewjob?jk=8d4634b5e247c55b","fulltime","indeed","2026-02-21"
"Livello GmbH","Junior IOT & Embedded Linux Developer (m/w/d) - IoT Startup","DÃ¼sseldorf, NW, DE","https://de.indeed.com/viewjob?jk=91f26c75d65005ab","","indeed","2026-02-21"
"","(Senior) Backend Developer (w/m/d)","Hannover, NI, DE","https://de.indeed.com/viewjob?jk=7905eae7dd936bad","","indeed","2026-02-21"
"","AI-Automation Developer (m/w/d)","MÃ¼nchen, BY, DE","https://de.indeed.com/viewjob?jk=6762330755863c50","parttime, fulltime","indeed","2026-02-21"
"SAP","Associate User Assistance Developer (f/m/d) - ABAP Pro-Code Tools (limited for 2 years)","Walldorf, BW, DE","https://de.indeed.com/viewjob?jk=69ff83919b92dab9","fulltime","indeed","2026-02-21"
"","Backend Developer (Student Worker)","Home Office, DE","https://de.indeed.com/viewjob?jk=31ddb6ac00d0bbd5","parttime, internship","indeed","2026-02-21"
"MinebeaMitsumi","Application Software Developer (m/w/d)","Bovenden, NI, DE","https://de.indeed.com/viewjob?jk=379baacf5b1d546e","fulltime","indeed","2026-02-21"
"","Frontend Developer (Student Worker)","Home Office, DE","https://de.indeed.com/viewjob?jk=dee3c328da15855f","parttime, internship","indeed","2026-02-21"
"Crossing Hurdles","DevOps Engineer | Remote","","https://www.linkedin.com/jobs/view/4374921763","","linkedin","2026-02-21"
"Evotec","Systems Engineer (all genders)","Hamburg, Hamburg, Germany","https://www.linkedin.com/jobs/view/4352236691","","linkedin","2026-02-21"
"Nagarro","Storage System Engineer (m/f/d)","","https://www.linkedin.com/jobs/view/4331521803","","linkedin","2026-02-21"
"Fraunhofer IIS","Werkstudent*in/ Praktikant*in (all genders) - Backend-Entwicklung (GeoDjango)","NÃ¼rnberg, BY, DE","https://de.indeed.com/viewjob?jk=5fb2f8435592f663","parttime, fulltime, internship","indeed","2026-02-21"
"Crossing Hurdles","Full Stack Developer | Remote","","https://www.linkedin.com/jobs/view/4374926517","","linkedin","2026-02-21"
"Crossing Hurdles","Frontend Developer (React) | Remote","","https://www.linkedin.com/jobs/view/4374932397","","linkedin","2026-02-21"
"Crossing Hurdles","Frontend Engineer | Remote","","https://www.linkedin.com/jobs/view/4374922606","","linkedin","2026-02-21"
"Crossing Hurdles","Javascript Developer (React/Vue/Angular) | Remote","","https://www.linkedin.com/jobs/view/4374917620","","linkedin","2026-02-21"
"SAP","Working Student (f/m/d) - Software-Design and Development","Walldorf, BW, DE","https://de.indeed.com/viewjob?jk=bd095f21081899d8","parttime","indeed","2026-02-21"
"CRX Markets AG","Remote Senior Java Developer (m/f/x)","","https://www.linkedin.com/jobs/view/4373753727","","linkedin","2026-02-21"
"Wintama IT Solutions GmbH","Senior Java Developer (m/w/d)","","https://www.linkedin.com/jobs/view/4373753795","","linkedin","2026-02-21"
"Alstom","Sub-system Engineer for CCTV (f/m/d)","Hennigsdorf, Brandenburg, Germany","https://www.linkedin.com/jobs/view/4341158957","","linkedin","2026-02-20"
"Alstom","System Engineer for Passenger Information Systems (f/m/d)","Hennigsdorf, Brandenburg, Germany","https://www.linkedin.com/jobs/view/4348796067","","linkedin","2026-02-20"
"SAP","Frontend / Full Stack Engineer (f/m/d) for SAP Green Token","Potsdam, Brandenburg, Germany","https://www.linkedin.com/jobs/view/4374348905","","linkedin","2026-02-20"
"Moss","Website Engineer","Munich, Bavaria, Germany","https://www.linkedin.com/jobs/view/4367324381","","linkedin","2026-02-20"
"Intrinsic","Frontend Software Engineer","Munich, Bavaria, Germany","https://www.linkedin.com/jobs/view/4344426567","","linkedin","2026-02-20"
"TeleClinic","Backend Engineer (m/f/d)","","https://www.linkedin.com/jobs/view/4304032180","","linkedin","2026-02-20"
"InfoTip Service GmbH","Software-Developer (all genders)","","https://www.linkedin.com/jobs/view/4373195301","","linkedin","2026-02-20"
"Barmenia Versicherungen","DevOps Engineer (m/w/d) â€“ Cloud-Infrastruktur & CI/CD","Wuppertal, NW, DE","https://de.indeed.com/viewjob?jk=68e9a037825282ff","","indeed","2026-02-20"
"WÃ¼rth IT","DevOps Engineer Cyber Security (m/w/d)","Niedernhall, BW, DE","https://de.indeed.com/viewjob?jk=91a39fdbeab258f5","","indeed","2026-02-20"
"LORENZ Life Sciences Group","Technical Development Manager (m/w/d)","Frankfurt am Main, HE, DE","https://de.indeed.com/viewjob?jk=cbd66012cc6c6e41","","indeed","2026-02-20"
"Future Energy Ventures","Senior Platform Engineer (all genders) for Reev","MÃ¼nchen, BY, DE","https://de.indeed.com/viewjob?jk=a58eb14c27bfebc1","","indeed","2026-02-20"
"Aveyara Software GmbH","DevOps/Automation Engineer (m/w/d) â€“ CI/CD & GitOps","Stuttgart, BW, DE","https://de.indeed.com/viewjob?jk=44f689303715eda6","fulltime","indeed","2026-02-20"
"Verimatrix","Senior DevOps Engineer","Munich, Bavaria, Germany","https://www.linkedin.com/jobs/view/4375600740","","linkedin","2026-02-20"
"Digital Waffle","DevOps Engineer","","https://www.linkedin.com/jobs/view/4374381330","","linkedin","2026-02-20"
"Reuter Gruppe","DevOps Engineer (m/w/d)","MÃ¶nchengladbach, North Rhine-Westphalia, Germany","https://www.linkedin.com/jobs/view/4375648898","","linkedin","2026-02-20"
"Shure","Project Manager, PMO","Eppingen, BW, DE","https://de.indeed.com/viewjob?jk=584ba9f41891b1ad","fulltime","indeed","2026-02-20"
"Usercentrics","Staff Analytics Engineer (m/f/d)","MÃ¼nchen, BY, DE","https://de.indeed.com/viewjob?jk=76cf98725e05a153","fulltime","indeed","2026-02-20"
"Instaffo","Cloud Engineer in DÃ¼sseldorf","DÃ¼sseldorf, North Rhine-Westphalia, Germany","https://www.linkedin.com/jobs/view/4366901546","","linkedin","2026-02-20"
"Keyfactor","Senior Software Engineer","Aachen, North Rhine-Westphalia, Germany","https://www.linkedin.com/jobs/view/4336860190","","linkedin","2026-02-20"
"Instaffo","System Engineer Linux & Cloud (7816)","WÃ¼rzburg, Bavaria, Germany","https://www.linkedin.com/jobs/view/4366744574","","linkedin","2026-02-20"
"ALTEN Germany","Systemingenieur Elektromagnetische Felder (all gender)","Kiel, Schleswig-Holstein, Germany","https://www.linkedin.com/jobs/view/4361888627","","linkedin","2026-02-20"
"APRIORI - business solutions AG","100% Remote Azure DevOps Engineer (m/w/d) gesucht!","","https://www.linkedin.com/jobs/view/4373468571","","linkedin","2026-02-20"
"ALTEN Germany","Systems Engineer IT/Software Requirements (all gender)","Kassel, Hesse, Germany","https://www.linkedin.com/jobs/view/4363120137","","linkedin","2026-02-20"
"Rexus Group","Information Technology System Administrator","Spang, Rhineland-Palatinate, Germany","https://www.linkedin.com/jobs/view/4373493111","","linkedin","2026-02-20"
"Zync.","Senior System Engineer","Munich, Bavaria, Germany","https://www.linkedin.com/jobs/view/4374611551","","linkedin","2026-02-20"
"Prysmian","System Engineer","DÃ¼sseldorf, North Rhine-Westphalia, Germany","https://www.linkedin.com/jobs/view/4161532679","","linkedin","2026-02-20"
"Die ITeen-Schmiede","IT-Administrator / Senior System Engineer in Albstadt (m/w/d)","Ebingen, Baden-WÃ¼rttemberg, Germany","https://www.linkedin.com/jobs/view/4373462595","","linkedin","2026-02-20"
"IPS Intelligent Process Solutions","Technical Solutions Engineer (m/f/d)","Munich, Bavaria, Germany","https://www.linkedin.com/jobs/view/4375698795","","linkedin","2026-02-20"
"mLabs","Senior Backend Engineer - Stellar Ecosystem","Home Office, DE","https://de.indeed.com/viewjob?jk=d802d5034d6be2a6","","indeed","2026-02-20"
"Mecklenburgische Versicherungs-Gesellschaft auf Gegenseitigkeit","Senior-Softwareentwickler (m/w/d) Java Backend","Hannover, NI, DE","https://de.indeed.com/viewjob?jk=d4848cdee0c8eaee","fulltime","indeed","2026-02-20"
"clicks digital GmbH","Magento Entwickler (m/w/d) in Dresden","Dresden, SN, DE","https://de.indeed.com/viewjob?jk=a6400d117ecda8c9","fulltime","indeed","2026-02-20"
"HANSALOG BPS GmbH","Softwareentwickler (m/w/d) Fullstack â€“ Schwerpunkt .NET","Hamburg, HH, DE","https://de.indeed.com/viewjob?jk=de7a5f84421f57d1","fulltime","indeed","2026-02-20"
"ABOUT YOU SE & Co. KG","Senior Backend Engineer (m/f/d) - Product Sorting - onsite in Hamburg or Berlin","Hamburg, HH, DE","https://de.indeed.com/viewjob?jk=44d2ccd6b2b9ae41","fulltime","indeed","2026-02-20"
"","Backend Operations Manager (m/w/d) fÃ¼r Ladeinfrastruktur - deutschlandweit hybrid","Mannheim, BW, DE","https://de.indeed.com/viewjob?jk=ead493f8024c6ec4","fulltime","indeed","2026-02-20"
"EnOcean","Software Engineer - Backend / Data Platform (TypeScript) (m/f/d)","Oberhaching, BY, DE","https://de.indeed.com/viewjob?jk=ff769a8eb3658ed8","fulltime","indeed","2026-02-20"
"Instaffo","(Junior) PHP Entwickler","Cologne, North Rhine-Westphalia, Germany","https://www.linkedin.com/jobs/view/4366793947","","linkedin","2026-02-20"
"Google","Senior Software Engineer, Frontend, Agent Foundations","MÃ¼nchen, BY, DE","https://de.indeed.com/viewjob?jk=5ee283e3ad744697","fulltime","indeed","2026-02-20"
"TRONITY","(Node.js) Full Stack Developer (m/w/d) â€“ Gestalte die Zukunft der E-MobilitÃ¤t","Mannheim, BW, DE","https://de.indeed.com/viewjob?jk=afb2566ac80f6473","fulltime","indeed","2026-02-20"
"Die Leoparden","Senior Full Stack Developer*in â€“ Backend / Frontend / PHP","Gerlingen, BW, DE","https://de.indeed.com/viewjob?jk=4488b3e35132686c","","indeed","2026-02-20"
"Google","Staff Software Engineer, Agent Foundations","MÃ¼nchen, BY, DE","https://de.indeed.com/viewjob?jk=d9022c478c6bec8f","fulltime","indeed","2026-02-20"
"LinoPro GmbH","Full Stack Developer (m/w/d)","Dresden, SN, DE","https://de.indeed.com/viewjob?jk=e90ff44cecd60026","fulltime","indeed","2026-02-20"
"Ubica Robotics GmbH","Senior Full Stack Developer (m/w/d)","Bremen, HB, DE","https://de.indeed.com/viewjob?jk=0cd74e9e2fa7eb35","fulltime","indeed","2026-02-20"
"madco GmbH","Senior Full Stack Developer (m/w/d)","SaarbrÃ¼cken, SL, DE","https://de.indeed.com/viewjob?jk=51ec622917d91c7b","","indeed","2026-02-20"
"LinoPro GmbH","Full Stack Developer (m/w/d)","Home Office, DE","https://de.indeed.com/viewjob?jk=5e54965122791dea","","indeed","2026-02-20"
"conet","(Junior) Frontend Entwickler JavaScript (m/w/d)","Bonn, North Rhine-Westphalia, Germany","https://www.linkedin.com/jobs/view/4373415815","","linkedin","2026-02-20"
"WhyHireWrong?","Full Stack Developer (all genders)","Kempten, Bavaria, Germany","https://www.linkedin.com/jobs/view/4374311632","","linkedin","2026-02-20"
"Code Compass ðŸ§­","Full-Stack Developer (m/f/d) - Hamburg","Hamburg, Germany","https://www.linkedin.com/jobs/view/4373474724","","linkedin","2026-02-20"
"clickhouse","Engineering Manager - Language clients","Home Office, DE","https://de.indeed.com/viewjob?jk=6c817cf761ceb545","","indeed","2026-02-20"
"Knauf Digital","Working Student Fullstack Engineer (m/f/d)","Munich, Bavaria, Germany","https://www.linkedin.com/jobs/view/4362516406","","linkedin","2026-02-20"
"Feri","Microsoft Dynamics 365 CE Developer â€“ Entwicklung & Administration (m/w/d)","Bad Homburg vor der HÃ¶he, HE, DE","https://de.indeed.com/viewjob?jk=70afd5e7eab91a85","","indeed","2026-02-20"
"SENEC GmbH","Senior Fullstack Developer (m/w/d)","Leipzig, SN, DE","https://de.indeed.com/viewjob?jk=4dfe2521c6c28093","parttime, fulltime","indeed","2026-02-20"
"Die Leoparden","Advanced Shopware Developer*in","Gerlingen, BW, DE","https://de.indeed.com/viewjob?jk=2feae100a5c6e66f","","indeed","2026-02-20"
"Die Leoparden","Shopware Developer*in","Gerlingen, BW, DE","https://de.indeed.com/viewjob?jk=a47a1f0bcf05617b","","indeed","2026-02-20"
"Zero to One Search | Recruitment Agency","Junior Java Entwickler (Frankfurt)","Frankfurt am Main, Hesse, Germany","https://www.linkedin.com/jobs/view/4373470878","","linkedin","2026-02-20"
"Xcellent Talents","DevOps Engineer","","https://www.linkedin.com/jobs/view/4375183777","","linkedin","2026-02-19"
"Orbital Critical Systems (Grupo CAF)","Junior Aerospace Software Engineer","Hamburg, Hamburg, Germany","https://www.linkedin.com/jobs/view/4374041649","","linkedin","2026-02-19"
"SBG Associates","Junior Software Engineer","Augsburg, Bavaria, Germany","https://www.linkedin.com/jobs/view/4373143075","","linkedin","2026-02-19"
"Orbital Critical Systems (Grupo CAF)","Junior Aerospace Software Engineer","Taufkirchen, Bavaria, Germany","https://www.linkedin.com/jobs/view/4374033698","","linkedin","2026-02-19"
"Orbital Critical Systems (Grupo CAF)","Junior Aerospace Software Engineer","Manching, Bavaria, Germany","https://www.linkedin.com/jobs/view/4374048052","","linkedin","2026-02-19"
"Orbital Critical Systems (Grupo CAF)","Junior Aerospace Software Engineer","Bremen, Bremen, Germany","https://www.linkedin.com/jobs/view/4374039633","","linkedin","2026-02-19"
"XALT Business Consulting GmbH","Head of Delivery - Atlassian & DevOps Business (m/f/d)","Leipzig, SN, DE","https://de.indeed.com/viewjob?jk=1ac8bf85785ec803","","indeed","2026-02-19"
"XALT Business Consulting GmbH","Head of Delivery - Atlassian & DevOps Business (m/f/d)","MÃ¼nchen, BY, DE","https://de.indeed.com/viewjob?jk=21e57bbcc997744c","","indeed","2026-02-19"
"G DATA CyberDefense AG","DevOps Platform Engineer (m/w/d) Kubernetes / Platform Engineering","Bochum, NW, DE","https://de.indeed.com/viewjob?jk=b254ebde7bd658c3","","indeed","2026-02-19"
"BWI GmbH","Lead DevOps Engineer (m/w/d)","Frankfurt am Main, HE, DE","https://de.indeed.com/viewjob?jk=fbd6da29bf95a2d2","fulltime","indeed","2026-02-19"
"3st kommunikation GmbH","DevOps Engineer (gn*)","Mainz, RP, DE","https://de.indeed.com/viewjob?jk=b1258ec999583142","fulltime","indeed","2026-02-19"
"JAKALA","DevOps Engineer (all genders)","","https://www.linkedin.com/jobs/view/4347442795","","linkedin","2026-02-19"
"APRIORI - business solutions AG","100% Remote: DevOps Engineer (m/w/d) Fokus AWS","","https://www.linkedin.com/jobs/view/4373122099","","linkedin","2026-02-19"
"IVI Informationsverarbeitungs GmbH","DevOps Engineer (w/m/d)","Itzehoe, Schleswig-Holstein, Germany","https://www.linkedin.com/jobs/view/4374767648","","linkedin","2026-02-19"
"Veeva Systems","Senior Software Engineer - SRE","Frankfurt am Main, HE, DE","https://de.indeed.com/viewjob?jk=91b006a2add627fd","","indeed","2026-02-19"
"Contabo","(Senior) QA Engineer (all genders)","Home Office, DE","https://de.indeed.com/viewjob?jk=405a6e7e13f71d3e","fulltime","indeed","2026-02-19"
"Blackwave GmbH","Test Engineer - Aerospace Hardware (m/f/d)","Taufkirchen, BY, DE","https://de.indeed.com/viewjob?jk=1e376e9d38345cfe","fulltime","indeed","2026-02-19"
"PandaDoc","Senior Site Reliability Engineer","","https://www.linkedin.com/jobs/view/4375162415","","linkedin","2026-02-19"
"HCLTech Germany","Site Reliability Engineer (24x7 Operational Support) (w/m/d)","","https://www.linkedin.com/jobs/view/4373660973","","linkedin","2026-02-19"
"Kelvion","IT System Engineer (m/w/d)","Herne, North Rhine-Westphalia, Germany","https://www.linkedin.com/jobs/view/4375422075","","linkedin","2026-02-19"
"Orbital Critical Systems (Grupo CAF)","Junior Aerospace System Engineer - Location: Germany","Hamburg, Hamburg, Germany","https://www.linkedin.com/jobs/view/4374027376","","linkedin","2026-02-19"
"IBM","Java Developer (m/w/d)","Munich, Bavaria, Germany","https://www.linkedin.com/jobs/view/4325817827","","linkedin","2026-02-19"
"IBM","Java Developer (m/w/d)","Magdeburg, Saxony-Anhalt, Germany","https://www.linkedin.com/jobs/view/4325917643","","linkedin","2026-02-19"
"IBM","Java Developer (m/w/d)","Cologne, North Rhine-Westphalia, Germany","https://www.linkedin.com/jobs/view/4325777834","","linkedin","2026-02-19"
"IBM","Java Developer (m/w/d)","Frankfurt, Hesse, Germany","https://www.linkedin.com/jobs/view/4325887652","","linkedin","2026-02-19"
"Jobgether","Full Stack Developer (Javascript)","","https://www.linkedin.com/jobs/view/4375125674","","linkedin","2026-02-19"
"Epassi","Python Backend Developer","Bremen, Bremen, Germany","https://www.linkedin.com/jobs/view/4374091389","","linkedin","2026-02-19"
"ALTEN","Java Backend Engineer (all gender)","Nuremberg, Bavaria, Germany","https://www.linkedin.com/jobs/view/4373106410","","linkedin","2026-02-19"
"ALTEN Germany","Java Backend Engineer (all gender)","Nuremberg, Bavaria, Germany","https://www.linkedin.com/jobs/view/4373695574","","linkedin","2026-02-19"
"OpenVPN","Product DevOps","BE, DE","https://de.indeed.com/viewjob?jk=1e53ff60ea8cb7bb","fulltime","indeed","2026-02-18"
"Ambrosys","Senior Python Developer","Potsdam, Brandenburg, Germany","https://www.linkedin.com/jobs/view/4355091981","","linkedin","2026-02-18"
"Clember","DevOps Engineer","Paderborn, North Rhine-Westphalia, Germany","https://www.linkedin.com/jobs/view/4373557950","","linkedin","2026-02-18"
"Alex Staff","Senior DevOps Engineer - Highload, Cloud & Data-Intensive Systems (EU / Remote)","","https://www.linkedin.com/jobs/view/4374488518","","linkedin","2026-02-18"
"Renesas Electronics","Principal System Engineer (f/m/d)","Munich, Bavaria, Germany","https://www.linkedin.com/jobs/view/4339036400","","linkedin","2026-02-18"
"Hyundai AutoEver Europe GmbH","Infra Systems Engineer (f/m/d)","Offenbach, Hesse, Germany","https://www.linkedin.com/jobs/view/4354246000","","linkedin","2026-02-18"
"General Motors","System Test Engineer","Munich, Bavaria, Germany","https://www.linkedin.com/jobs/view/4373395280","","linkedin","2026-02-18"
"SYSTAVO GmbH & Co. KG","IT System Engineer / IT Administrator / Fachinformatiker (m/w/d)","Metzingen, Baden-WÃ¼rttemberg, Germany","https://www.linkedin.com/jobs/view/4372408835","","linkedin","2026-02-18"
"uNaice GmbH","Junior Backend Developer (Python) (m/w/d) 20h Stellenbeschreibung READ DESCRIPTION before","","https://www.linkedin.com/jobs/view/4372489890","","linkedin","2026-02-18"
"Pixum","Backend Developer (m/w/d)","Cologne, North Rhine-Westphalia, Germany","https://www.linkedin.com/jobs/view/4372456749","","linkedin","2026-02-18"
"Lobster","Full-stack Developer","Tutzing, Bavaria, Germany","https://www.linkedin.com/jobs/view/4303412815","","linkedin","2026-02-18"
"Lobster","Frontend Engineer","Tutzing, Bavaria, Germany","https://www.linkedin.com/jobs/view/4313039498","","linkedin","2026-02-18"
"Mindrift","Freelance Machine Learning Developer (Python)","","https://www.linkedin.com/jobs/view/4374724685","","linkedin","2026-02-18"
"Mindrift","Freelance Machine Learning Developer (Python)","Cologne, North Rhine-Westphalia, Germany","https://www.linkedin.com/jobs/view/4374721747","","linkedin","2026-02-18"
"European Tech Recruit","Python Software Engineer","Munich, Bavaria, Germany","https://www.linkedin.com/jobs/view/4374792299","","linkedin","2026-02-18"
"Mindrift","Freelance Machine Learning Research Engineer (Python)","","https://www.linkedin.com/jobs/view/4374700711","","linkedin","2026-02-18"
"WÃ¼nsch AG","Senior Java Developer (m/w/d)","Ditzingen, Baden-WÃ¼rttemberg, Germany","https://www.linkedin.com/jobs/view/4372455580","","linkedin","2026-02-18"
"Computer Futures","Java-Entwickler:in","Munich, Bavaria, Germany","https://www.linkedin.com/jobs/view/4374753371","","linkedin","2026-02-18"
"plus10","Front-end development intern (m/f/d)","Stuttgart, Baden-WÃ¼rttemberg, Germany","https://www.linkedin.com/jobs/view/4371969689","","linkedin","2026-02-17"
"neuco","Senior DevOps Engineer","Munich, Bavaria, Germany","https://www.linkedin.com/jobs/view/4373966002","","linkedin","2026-02-17"
"Itzehoer Versicherungen","Site-Reliability-Engineer (m/w/d)","Itzehoe, SH, DE","https://de.indeed.com/viewjob?jk=f71a432e164579a3","fulltime","indeed","2026-02-17"
"Google","Staff Software Engineer, Site Reliability Engineering","MÃ¼nchen, BY, DE","https://de.indeed.com/viewjob?jk=e1491765d199bc62","fulltime","indeed","2026-02-17"
"TIME Manufacturing Company, Inc.","IT System Engineer","DÃ¼sseldorf, North Rhine-Westphalia, Germany","https://www.linkedin.com/jobs/view/4374118261","","linkedin","2026-02-17"
"Venture Up","Lead System Administrator","Munich, Bavaria, Germany","https://www.linkedin.com/jobs/view/4366373276","","linkedin","2026-02-17"
"neuco","Backend Software Engineer","Munich, Bavaria, Germany","https://www.linkedin.com/jobs/view/4373949390","","linkedin","2026-02-17"
"Mindrift","Freelance Data Science Engineer (Python & SQL)","Hamburg, Hamburg, Germany","https://www.linkedin.com/jobs/view/4373952845","","linkedin","2026-02-17"
"Mindrift","Freelance Data Science Engineer (Python & SQL)","","https://www.linkedin.com/jobs/view/4373959702","","linkedin","2026-02-17"
"Mindrift","Freelance Data Science Engineer (Python & SQL)","Cologne, North Rhine-Westphalia, Germany","https://www.linkedin.com/jobs/view/4373955804","","linkedin","2026-02-17"
"ADITO Software GmbH","(Junior) Java Backend Developer (w/m/d) Plattform-Entwicklung","Landshut, Bavaria, Germany","https://www.linkedin.com/jobs/view/4371946813","","linkedin","2026-02-17"
"plus10","Java Backend Development Intern (m/f/d)","Stuttgart, Baden-WÃ¼rttemberg, Germany","https://www.linkedin.com/jobs/view/4371983511","","linkedin","2026-02-17"
"Nova Ltd.","Java Software Engineer","Bad Urach, Baden-WÃ¼rttemberg, Germany","https://www.linkedin.com/jobs/view/4367138504","","linkedin","2026-02-17"
"HENSOLDT","Abteilungsleiter Applied AI and Analytics (w/m/d)","Ulm, BW, DE","https://de.indeed.com/viewjob?jk=39929475f2c508d1","","indeed","2026-02-16"
"Instaffo","Full-Stack-Entwickler (Bescheinigungswesen)","Freiburg, Baden-WÃ¼rttemberg, Germany","https://www.linkedin.com/jobs/view/4298277922","","linkedin","2026-02-16"
"Metrikflow","Full Stack Engineer","","https://www.linkedin.com/jobs/view/4364756165","","linkedin","2026-02-16"
"InterEx Group","Site Reliability Engineer","","https://www.linkedin.com/jobs/view/4364597976","","linkedin","2026-02-16"
"Instaffo","DevOps Engineer & Consultant","Hamburg, Hamburg, Germany","https://www.linkedin.com/jobs/view/4332941374","","linkedin","2026-02-16"
"Vodafone","Senior Expert Site Reliability Engineer (m/w/d)","DÃ¼sseldorf, NW, DE","https://de.indeed.com/viewjob?jk=62608477fc9e6404","fulltime","indeed","2026-02-16"
"Deutsche BÃ¶rse","Head Connectivity Services (f/m/d)","Frankfurt am Main, HE, DE","https://de.indeed.com/viewjob?jk=3a2f373eff791282","","indeed","2026-02-16"
"InterEx Group","Site Reliability Engineer","","https://www.linkedin.com/jobs/view/4371921183","","linkedin","2026-02-16"
"Cognizant","System Engineer (d/f/m) limited to 1 year","Norderstedt, Schleswig-Holstein, Germany","https://www.linkedin.com/jobs/view/4373573985","","linkedin","2026-02-16"
"Palm Group","IT System Engineer / Systemadministrator (m/w/d), Aalen","Aalen, Baden-WÃ¼rttemberg, Germany","https://www.linkedin.com/jobs/view/4373866231","","linkedin","2026-02-16"
"Mindrift","Senior Python Engineer - Functional Testing Project via Mindrift","","https://www.linkedin.com/jobs/view/4373580358","","linkedin","2026-02-16"
"dieEnergiekoppler","Junior DevOps / Platform Engineer (m/w/d)","Dresden, SN, DE","https://de.indeed.com/viewjob?jk=aef855fe0f850d96","parttime","indeed","2026-02-13"
"dieEnergiekoppler","DevOps / Platform Engineer (m/w/d)","Dresden, SN, DE","https://de.indeed.com/viewjob?jk=00896e58a3c75e06","parttime","indeed","2026-02-13"
"1inch","Head of DevOps","Home Office, DE","https://de.indeed.com/viewjob?jk=4ea62db9e6413f8b","fulltime","indeed","2026-02-11"
"Amazon.com","Sr. Site Process Engineer / Process Improvement Specialist - Pforzheim near Stuttgart / Karlsruhe","Ulm, BW, DE","https://de.indeed.com/viewjob?jk=14cda0d9df06c5f8","fulltime","indeed","2026-01-26"
"Amazon.com","Sr. Site Process Engineer / Process Improvement Specialist - Pforzheim near Stuttgart / Karlsruhe","Frankfurt am Main, HE, DE","https://de.indeed.com/viewjob?jk=a96009c9173f85a1","fulltime","indeed","2026-01-26"
"Amazon.com","Sr. Site Process Engineer / Process Improvement Specialist - Pforzheim near Stuttgart / Karlsruhe","Mannheim, BW, DE","https://de.indeed.com/viewjob?jk=e59c9c9576748737","fulltime","indeed","2026-01-26"
"Amazon.com","Sr. Site Process Engineer / Process Improvement Specialist - Pforzheim near Stuttgart / Karlsruhe","Freiburg, BW, DE","https://de.indeed.com/viewjob?jk=c4c9bd7eb4e582f6","fulltime","indeed","2026-01-26"
"Amazon.com","Sr. Site Process Engineer / Process Improvement Specialist - Pforzheim near Stuttgart / Karlsruhe","Heilbronn, BW, DE","https://de.indeed.com/viewjob?jk=240785ff470ff96f","fulltime","indeed","2026-01-26"
"Amazon.com","Sr. Site Process Engineer / Process Improvement Specialist - Pforzheim near Stuttgart / Karlsruhe","Pforzheim, BW, DE","https://de.indeed.com/viewjob?jk=45adc23754ccc931","fulltime","indeed","2026-01-26"
"Amazon.com","Sr. Site Process Engineer / Process Improvement Specialist - Pforzheim near Stuttgart / Karlsruhe","Darmstadt, HE, DE","https://de.indeed.com/viewjob?jk=6c5f689f2e16768f","fulltime","indeed","2026-01-26"
"Stadtwerke Wolfsburg AG","DevOps Engineer (m/w/d)","Wolfsburg, NI, DE","https://de.indeed.com/viewjob?jk=e03a9cb39ab9b6cc","fulltime","indeed","2025-12-10"
"Amazon.com","Safety Specialist Internship","Rheinberg, NW, DE","https://de.indeed.com/viewjob?jk=9a085274a553e047","fulltime","indeed","2025-10-02"
"Amazon.com","Safety Specialist Internship","MÃ¶nchengladbach, NW, DE","https://de.indeed.com/viewjob?jk=9ca1b4f4db9a4c77","fulltime","indeed","2025-10-02"
"Amazon.com","Safety Specialist Internship","Dummerstorf, MV, DE","https://de.indeed.com/viewjob?jk=fb3b16c42548b7b5","fulltime","indeed","2025-10-02"
"Amazon.com","Safety Specialist Internship","Werne, NW, DE","https://de.indeed.com/viewjob?jk=2e0e8f61ed0f6022","fulltime","indeed","2025-10-02"
"Amazon.com","Safety Specialist Internship","Winsen (Luhe), NI, DE","https://de.indeed.com/viewjob?jk=574fadddccc6a1db","fulltime","indeed","2025-10-02"
"Amazon.com","Safety Specialist Internship","Erfurt, TH, DE","https://de.indeed.com/viewjob?jk=b864c0873f147b69","fulltime","indeed","2025-10-02"
"Amazon.com","Safety Specialist Internship","GroÃŸenkneten, NI, DE","https://de.indeed.com/viewjob?jk=2938dd3ce2d69659","fulltime","indeed","2025-10-02"
"Amazon.com","Safety Specialist Internship","Leipzig, SN, DE","https://de.indeed.com/viewjob?jk=cc1a0d2259a130a7","fulltime","indeed","2025-10-02"
"Amazon.com","Safety Specialist Internship","Dortmund, NW, DE","https://de.indeed.com/viewjob?jk=72530cb42d08c7c9","fulltime","indeed","2025-10-02"
"Amazon.com","Safety Specialist Internship","Horn-Bad Meinberg, NW, DE","https://de.indeed.com/viewjob?jk=534cb0c6c51e9fa2","fulltime","indeed","2025-10-02"
"Haystack","Junior Software Engineer","","https://www.linkedin.com/jobs/view/4375303607","","linkedin",""
"Haystack","Junior Software Engineer","","https://www.linkedin.com/jobs/view/4375300707","","linkedin",""
"Haystack","Software Intern","","https://www.linkedin.com/jobs/view/4374989861","","linkedin",""
"Powerprozesse GmbH","Full-Stack Developer â€“ 100% Remote","","https://www.linkedin.com/jobs/view/4376541099","","linkedin",""
"Crossing Hurdles","Software Engineer (Backend) | Remote","","https://www.linkedin.com/jobs/view/4375345117","","linkedin",""
"Instaffo","DevOps Engineer","Frankfurt, Hesse, Germany","https://www.linkedin.com/jobs/view/4303940534","","linkedin",""
"Tipico","Site Reliability Engineer (m/f/x)","Karlsruhe, Baden-WÃ¼rttemberg, Germany","https://www.linkedin.com/jobs/view/4374253647","","linkedin",""
"Optimyze Consulting","DevOps Engineer (All Genders)","","https://www.linkedin.com/jobs/view/4376394160","","linkedin",""
"AllCloud","DevOps Engineer (m/f/d)","","https://www.linkedin.com/jobs/view/4376541779","","linkedin",""
"FindYou Consulting GmbH","(Senior) DevOps Engineer (m/w/d)","","https://www.linkedin.com/jobs/view/4374259347","","linkedin",""
"STARFACE GmbH","DevOPS Engineer (all genders)","Karlsruhe, Baden-WÃ¼rttemberg, Germany","https://www.linkedin.com/jobs/view/4374241762","","linkedin",""
"Optimyze Consulting","Site Reliability Engineer (All Genders)","","https://www.linkedin.com/jobs/view/4376381829","","linkedin",""
"wunderow IT GmbH","IT-System Engineer (m/w/d)","Wismar, Mecklenburg-West Pomerania, Germany","https://www.linkedin.com/jobs/view/4374233054","","linkedin",""
"Instaffo","Full Stack Developer","Essen, North Rhine-Westphalia, Germany","https://www.linkedin.com/jobs/view/4339395258","","linkedin",""
"Crossing Hurdles","Backend Engineer | Remote","","https://www.linkedin.com/jobs/view/4375329805","","linkedin",""
"Beautinda","Full Stack Developer","Essen, North Rhine-Westphalia, Germany","https://www.linkedin.com/jobs/view/4374215697","","linkedin",""
"devbite","Web Frontend Developer (w/*/m)","Dresden, Saxony, Germany","https://www.linkedin.com/jobs/view/4374220223","","linkedin",""
"Mindrift","Senior Python Engineer - AI Testing Project (Freelance, Mindrift)","","https://www.linkedin.com/jobs/view/4376554064","","linkedin",""
"Mindrift","Senior Python Engineer - AI Testing Project (Freelance, Mindrift)","Cologne, North Rhine-Westphalia, Germany","https://www.linkedin.com/jobs/view/4376540586","","linkedin",""
"Mindrift","Senior Python Engineer - AI Testing Project (Freelance, Mindrift)","Hamburg, Hamburg, Germany","https://www.linkedin.com/jobs/view/4376541569","","linkedin",""
